Id,Produkt,Kategoria_id,Ilość,Cena,Rabat,Data
1,Bułki,1,2,2.50,0.00,01.07.2024
2,Pączek,1,1,6.50,0.00,01.07.2024
3,Klimatyzator,5,1,250.00,0.00,01.07.2024
4,Borówki,1,0.25,5.99,6.00,01.07.2024
5,Mięso wieprzowo wołowe,1,0.7,14.99,5.00,01.07.2024
6,Ziemniaki,1,1.098,2.18,2.20,01.07.2024
7,Mix sałat,1,0.16,5.24,0.00,01.07.2024
8,Bokserki,2,3,26.97,0.00,01.07.2024
9,Chipsy zielona cebulka,1,0.15,5.19,0.00,02.07.2024
10,Tortilla placki,1,0.306,4.19,0.00,02.07.2024
11,Olej rzepakowy,1,1,8.49,0.00,02.07.2024
12,Śmietanka (330 ml),1,1,5.25,0.00,02.07.2024
13,Mleko,1,3,5.97,4.50,02.07.2024
14,Skarpetki,2,3,24.99,0.00,02.07.2024
15,Pomidory,1,0.595,4.16,1.78,02.07.2024
16,Bagietka czosnkowa,1,1,2.79,0.00,02.07.2024
17,Herbata verdin,1,1,7.49,0.00,02.07.2024
18,Kabanosy,1,1,4.49,1.30,02.07.2024
19,Kabanosy,1,1,4.49,1.30,02.07.2024
20,Przyprawa gyros,1,1,1.99,0.00,02.07.2024
21,Drożdże,1,1,1.29,0.00,02.07.2024
22,Ogórki,1,0.36,1.44,2.16,02.07.2024
23,Marchewka,1,0.39,1.17,1.56,02.07.2024
24,Arbuz premium,1,1.19,3.56,5.95,02.07.2024
25,Udziec wołowy,1,0.156,6.86,0.00,02.07.2024
26,Szynka z kurczaka,1,0.312,11.23,0.00,02.07.2024
27,Bułki,1,2,3.10,0.00,02.07.2024
28,Chleb,1,0.5,4.09,0.00,02.07.2024
29,Czosnek,1,1,2.49,0.00,02.07.2024
30,Prezerwatywy,3,3,13.99,0.00,02.07.2024
31,Obcinacz do paznokci,3,1,7.99,0.00,04.07.2024
32,Folia spożywcza,4,1,3.49,0.00,04.07.2024
33,Gąbki do mycia,4,1,2.69,0.00,04.07.2024
34,Płatki (250 g),1,1,3.25,0.00,04.07.2024
35,Zapach do łazienki,4,1,3.99,0.00,04.07.2024
36,Soda oczyszczona (100 g),1,1,1.39,0.00,04.07.2024
37,Zawieszka do toalety,4,3,9.99,0.00,04.07.2024
38,Folia aluminiowa,4,1,6.65,0.00,04.07.2024
39,Sól do zmywarki,1,2,6.99,0.00,04.07.2024
40,Podpaski,3,1,6.49,0.00,04.07.2024
41,Chleb tostowy (500 g),1,1,3.14,0.00,04.07.2024
42,Podpaski,3,1,6.49,0.00,04.07.2024
43,Ziemniaki,1,1.81,3.60,3.62,04.07.2024
44,Nektarynka,1,0.345,2.07,2.07,04.07.2024
45,Arbuz,1,1.07,5.34,0.00,04.07.2024
46,Jajka,1,10,9.99,0.00,04.07.2024
47,Serek wiejski (200 g),1,1,1.99,0.00,08.07.2024
48,Buraczki (300 g),1,1,3.14,0.00,08.07.2024
49,Serek do smarowania (200 g),1,1,4.69,0.00,08.07.2024
50,Lazania (450 g),1,2,16.98,4.00,08.07.2024
51,Pomidory w puszce (400 g),1,2,5.98,1.52,08.07.2024
52,Żołądki (450 g),1,2,10.48,0.00,08.07.2024
53,Keczup (480 g),1,1,4.99,2.50,08.07.2024
54,Mix sałat (160 g),1,1,5.24,0.00,08.07.2024
55,Masło (200 g),1,3,11.97,6.00,08.07.2024
56,Ryż,1,1,3.99,0.00,08.07.2024
57,Ser żółty (150 g),1,1,5.19,0.00,08.07.2024
58,Mięso z uda kurczaka,1,0.5,8.99,2.00,08.07.2024
59,Liść laurowy (5 g),1,1,1.99,0.00,08.07.2024
60,Brzoskwinie ufo,1,0.345,2.41,3.45,08.07.2024
61,Ogórki,1,0.2,1.60,0.00,08.07.2024
62,Pomidory,1,1.405,7.01,7.03,08.07.2024
63,Szynka,1,0.31,12.40,4.34,08.07.2024
64,Bułki,1,2,2.08,0.00,09.07.2024
65,Nakielny too good to go,1,1,12.99,27.01,09.07.2024
66,Piwo,1,1,7.50,0.00,09.07.2024
67,Bułka,1,1,0.80,0.00,11.07.2024
68,Pringles,1,3,20.97,12.06,11.07.2024
69,Mąka,1,1,1.99,0.00,11.07.2024
70,Płyn do płukania Silan,4,2,21.98,16.00,11.07.2024
71,Łosoś (150 g),1,1,17.99,0.00,11.07.2024
72,Przyprawa papryka słodka (20 g),1,1,1.99,0.00,11.07.2024
73,Borówki (500 g),1,1,9.99,10.00,11.07.2024
74,Ciastka owsiane,1,2,5.98,2.40,11.07.2024
75,Kabanosy,1,2,7.45,5.45,11.07.2024
76,Łosoś wędzony,1,0.125,6.49,6.50,11.07.2024
77,Cukinia,1,0.968,3.86,2.91,11.07.2024
78,Syrop klonowy,1,1,19.99,0.00,11.07.2024
79,Pepsi (1 L),1,2,13.58,0.00,11.07.2024
80,Bułka,1,1,0.79,0.00,12.07.2024
81,Pepsi (330 ml),1,2,8.00,0.60,12.07.2024
82,Jagodzianka,1,1,3.00,0.00,12.07.2024
83,Lody carte dor (1 L),1,2,24.80,22.80,13.07.2024
84,Sok mango (1 L),1,1,4.19,0.00,13.07.2024
85,Sok pomarańczowy (1 L),1,1,4.99,0.00,13.07.2024
86,Bułki ziemniaczane,1,2,2.28,0.00,13.07.2024
87,Chleb włoski,1,1,4.19,0.00,13.07.2024
88,Batonik dare,1,1,1.85,0.00,13.07.2024
89,Pączki pistacjowe,1,4,15.96,0.00,13.07.2024
90,Cebula,1,3,5.99,0.00,15.07.2024
91,Koncentrat pomidorowy,1,1,3.99,0.00,15.07.2024
92,Pączek,1,1,4.99,0.00,16.07.2024
93,Bułka,1,2,1.58,0.00,16.07.2024
94,Spodenki kąpielowe + wysyłka,2,1,30.98,0.00,16.07.2024
95,Szpinak mrożony (450 g),1,2,5.10,1.28,17.07.2024
96,Płatki kosmetyczne,3,2,4.38,1.40,17.07.2024
97,Czekolada gorzka Wedel,1,1,5.49,0.00,17.07.2024
98,Szynki portugalskie,1,1,7.99,2.00,17.07.2024
99,Czekolada Wawel krówkowa,1,1,3.99,1.00,17.07.2024
100,Czekolada Milka ciasteczkowa (300 g),1,1,9.99,4.00,17.07.2024
101,Czekolada mleczna magnetic (100 g),1,2,5.98,0.00,17.07.2024
102,Pesto,1,2,11.98,0.00,17.07.2024
103,Nori,1,2,7.98,2.40,17.07.2024
104,Makaron świderki,1,1,3.42,0.00,17.07.2024
105,Batonik Mars,1,3,8.99,0.00,17.07.2024
106,Ryż do sushi,1,2,7.98,1.80,17.07.2024
107,Mleczko gostyńskie (500 g),1,1,5.75,0.00,17.07.2024
108,Śmietana 18% (200 g),1,1,2.29,0.00,17.07.2024
109,Olej rzepakowy,1,2,9.58,5.40,17.07.2024
110,Borówki (500 g),1,1,9.99,10.00,17.07.2024
111,Jajka,1,10,10.49,0.00,17.07.2024
112,Pierożki gyoza z kurczakiem,1,1,5.99,1.50,17.07.2024
113,Pierożki gyoza z warzywami,1,1,5.99,1.50,17.07.2024
114,Serek do smarowania,1,2,5.98,2.00,17.07.2024
115,Ogórki,1,0.27,1.75,0.00,17.07.2024
116,Bułka kajzerka,1,1,0.80,0.00,18.07.2024
117,Teczka papierowa,11,3,9.00,0.00,18.07.2024
118,Nutella,1,1,10.00,4.00,19.07.2024
119,Koperek,1,1,2.49,0.00,19.07.2024
120,Fasolka szparagowa,1,0.465,4.65,4.55,19.07.2024
121,Arbuz,1,1.85,2.76,6.47,19.07.2024
122,Papryka,1,0.395,3.16,2.76,19.07.2024
123,Łosoś (125 g),1,1,12.99,0.00,19.07.2024
124,Szynka schab (200 g),1,2,17.98,7.00,19.07.2024
125,Jogurt grecki (400 g),1,1,2.65,0.00,19.07.2024
126,Bułka kajzerka,1,1,0.79,0.00,20.07.2024
127,Bułka kajzerka,1,2,1.58,0.00,22.07.2024
128,Bilety PKP,10,,26.82,0.00,23.07.2024
129,Ciastko kudelski,1,1,5.50,0.00,23.07.2024
130,Tuta mała,1,1,8.50,0.00,23.07.2024
131,Kino Deadpool,7,,36.00,0.00,26.07.2024
132,Bilet normalny PKP,10,2,36.00,0.00,25.07.2024
133,Worki na śmieci (10 szt),4,1,6.15,0.00,27.07.2024
134,Bilet ulgowy PKP,10,2,19.10,0.00,28.07.2024
135,Szampon Radical,3,1,12.99,2.00,31.07.2024
136,Szampon L'biotica,3,1,16.19,10.50,31.07.2024
137,Maska L'biotica,3,1,16.79,11.20,31.07.2024
138,Krem BB Bourjois,3,1,25.55,50.00,31.07.2024
139,Krem na opryszczkę,3,1,17.99,0.00,31.07.2024
140,Korek do umywalki + dostawa,4,1,47.63,0.00,01.08.2024
141,Pudełka na buty + dostawa,4,20,78.79,0.00,01.08.2024
142,Bilet komunikacyjny ulgowy,10,1,2.00,,02.08.2024
143,Masło (200 g),1,6,28.83,16.11,02.08.2024
144,Smoothie (330 ml),1,3,8.38,4.67,02.08.2024
145,Herbata mango truskawka (20 torebek),1,1,4.81,0.19,02.08.2024
146,Oliwa Gusto Bello (500 ml),1,1,24.05,5.94,02.08.2024
147,Passata Mutti (700 ml),1,1,7.98,0.31,02.08.2024
148,Ciastka Bonitki (500 g),1,1,7.69,0.30,02.08.2024
149,Patyczki do uszu (200),1,1,2.87,0.12,02.08.2024
150,Wafle Rurki (280 g),1,1,3.84,0.15,02.08.2024
151,Kiełki,1,1,4.03,0.16,02.08.2024
152,Mix sałat włoskich (120 g),1,1,5.04,0.20,02.08.2024
153,Muffiny,1,4,9.96,3.84,02.08.2024
154,Truskawki,1,0.5,10.10,0.39,02.08.2024
155,Banany,1,0.965,4.64,2.11,02.08.2024
156,Śliwki,1,0.36,1.39,1.85,02.08.2024
157,Ogórek,1,1,0.65,0.03,02.08.2024
158,Cukinia,1,1.355,3.90,4.22,02.08.2024
159,Woda 0.5 l Polaris,1,2,1.50,0.00,02.08.2024
160,Bułka kajzerka,1,2,1.58,0.00,03.08.2024
161,McDonald,1,2,64.40,0.00,03.08.2024
162,Taras widokowy,7,2,45.00,0.00,03.08.2024
163,Bilety tramwajowe,10,2,6.60,0.00,03.08.2024
164,Piwo,1,2,34.00,,03.08.2024
165,Gorąca czekolada,1,1,9.90,0.00,03.08.2024
166,Cytryna,1,1,1.25,,04.08.2024
167,Cytryna,1,1,1.26,0.00,05.08.2024
168,Hydraulik - naprawa,12,1,250.00,0.00,05.08.2024
169,Cytryna + bułka,1,1,1.90,0.00,06.08.2024
170,Bułka kajzerka,1,1,0.79,0.00,07.08.2024
171,Kabanosy Tarczyński (105 g),1,2,9.22,4.36,07.08.2024
172,Serek wiejski,1,2,3.75,0.23,07.08.2024
173,Ser żółty mierzwiony,1,3,11.29,3.56,07.08.2024
174,Sok malinowy,1,1,7.53,0.46,07.08.2024
175,Lubczyk,1,1,2.35,0.14,07.08.2024
176,Ręcznik papierowy,3,1,8.48,3.51,07.08.2024
177,Ciastka Savoiardi,1,1,8.48,0.51,07.08.2024
178,Chusteczki (10 packs),3,1,3.76,2.23,07.08.2024
179,Odplamiacz Vanish biały,4,1,20.74,1.25,07.08.2024
180,Ćwiartki z kurczaka,1,1.55,7.30,8.96,07.08.2024
181,Podudzia z kurczaka,1,0.542,6.39,0.38,07.08.2024
182,Sól Culineo (1 kg),1,1,1.69,0.10,07.08.2024
183,Jogurt grecki (400 g),1,1,2.50,0.15,07.08.2024
184,Płyn listerine,3,1,10.37,4.62,07.08.2024
185,Chusteczki paczka,3,1,5.93,0.36,07.08.2024
186,Por,1,1,6.57,0.40,07.08.2024
187,Makaron spaghetti Gusto Bello (500 g),1,1,5.65,0.34,07.08.2024
188,Makaron Fettucine (500 g),1,1,5.65,0.34,07.08.2024
189,Pomidory,1,0.805,2.85,2.45,07.08.2024
190,Truskawki,1,0.5,8.48,3.51,07.08.2024
191,Marchewka,1,0.875,1.64,2.69,07.08.2024
192,Cebula,1,0.49,1.85,0.30,07.08.2024
193,Banany,1,0.675,3.18,1.54,07.08.2024
194,Koperek,1,1,1.88,0.51,07.08.2024
195,Bagietka czosnkowa,1,1,2.63,0.16,07.08.2024
196,Cytryny,1,0.32,2.41,0.15,07.08.2024
197,Pietruszka,1,0.23,3.26,0.19,07.08.2024
198,Pasta do zębów Sensodyne,1,2,13.98,14.00,08.08.2024
199,Chleb włoski,1,1,4.19,0.00,08.08.2024
200,Chleb na maślance,1,1,3.75,0.00,08.08.2024
201,Pączek pistacjowy,1,2,7.98,0.00,08.08.2024
202,Brzoskwinie ufo,1,0.894,5.35,8.05,08.08.2024
203,Gofrownica + przesyłka,5,1,137.98,0.00,11.08.2024
204,Energylandia,7,2,400.00,0.00,12.08.2024
205,Mcdonald's,1,1,35.00,0.00,12.08.2024
206,Bułka pszenna,1,1,0.99,0.00,13.08.2024
207,Drożdżówka,1,1,4.00,0.00,13.08.2024
208,Sok wieloowocowy,1,1,0.01,7.98,14.08.2024
209,Sok pomarańczowy,1,2,16.78,0.00,14.08.2024
210,Ser mozarella,1,4,5.88,6.08,14.08.2024
211,Mleko łaciate 3.2%,1,4,7.56,3.32,14.08.2024
212,Banany,1,0.654,2.28,2.29,14.08.2024
213,Zeszyt a5 30 kartek,1,1,0.01,1.68,14.08.2024
214,Zeszyt a5 30 kartek,1,2,3.38,0.00,14.08.2024
215,Cukier (superc),1,1,4.99,1.00,14.08.2024
216,Awokado hass,1,2,7.98,4.00,14.08.2024
217,Twaróg krajanka (400 g),1,1,6.29,0.00,14.08.2024
218,Batonik Dare,1,1,1.85,0.00,14.08.2024
219,Marchewka,1,0.232,1.16,0.00,14.08.2024
220,Bułka poznańska,1,1,0.91,0.00,14.08.2024
221,Bułka ziemniaczana,1,1,1.14,0.00,14.08.2024
222,Jagodzianka,1,1,2.16,0.00,14.08.2024
223,Rurki czekoladowe,1,2,7.98,0.00,14.08.2024
224,Kabanosy Tarczyński Premium,1,1,4.99,2.00,14.08.2024
225,Kabanosy Tarczyński (superc 90 g),1,2,11.98,,14.08.2024
226,Jajka wolny wybieg (superc),1,20,13.99,,14.08.2024
227,Mascarpone (250 g),1,1,6.99,0.00,14.08.2024
228,Jogurt Pilos naturalny (400 g),1,1,1.69,,14.08.2024
229,Truskawki,1,0.75,16.99,0.00,14.08.2024
230,Maliny,1,0.125,7.99,,14.08.2024
231,Ciasto pistacjowe z maliną,1,0.397,17.83,0.00,14.08.2024
232,Zakupy Lewiatan,1,,41.00,,14.08.2024
233,Ogórki,1,2,1.60,,14.08.2024
234,Batoniki Lion,1,4,7.96,4.00,14.08.2024
235,Batonik Peanut Butter Wawel,1,1,3.20,0.00,14.08.2024
236,Szynka kurczak gotowany,1,0.144,5.04,,14.08.2024
237,Szynka od szwagra,1,0.202,7.47,,14.08.2024
238,Szynka pol z indyk,1,0.214,6.63,,14.08.2024
239,Oreo,1,1,5.89,1.10,14.08.2024
240,Lejek silikonowy,4,1,5.00,0.00,16.08.2024
241,Łopatka silikonowa,4,1,4.00,0.00,16.08.2024
242,Mąka,1,3,3.98,1.99,16.08.2024
243,Passata Mutti,1,1,8.29,0.00,16.08.2024
244,Śliwki,1,0.425,2.12,1.70,16.08.2024
245,Pomidorki papryczkowe,1,0.525,4.72,5.77,16.08.2024
246,Mleczko gostyńskie (500 g),1,1,5.75,0.00,16.08.2024
247,Majonez Winiary (500 ml),1,1,8.49,2.49,16.08.2024
248,Zapach do łazienki,4,1,3.99,0.00,16.08.2024
249,Borówki,1,0.3,8.99,4.00,16.08.2024
250,Krem pistacjowy,1,0.2,20.99,0.00,16.08.2024
251,Tortilla pszenna,1,2,6.98,1.00,16.08.2024
252,Mix sałat rodzinny,1,1,5.99,0.00,16.08.2024
253,Arbuz,1,1.355,4.05,0.00,16.08.2024
254,Mydło w płynie,4,2,9.98,2.00,16.08.2024
255,Bułka pszenna,1,1,0.99,0.00,18.08.2024
256,Bułka pszenna,1,1,0.99,0.00,20.08.2024
257,Muffinka Wedel,1,1,4.99,0.00,20.08.2024
258,Dzbanek na wodę,4,1,19.99,0.00,21.08.2024
259,Retinol 0.5% Nacomi,3,1,16.89,17.10,21.08.2024
260,Maska do włosów Nacomi,3,1,25.39,17.60,21.08.2024
261,Hydrolat różany Nacomi,3,1,12.89,7.10,21.08.2024
262,Peeling do twarzy Nacomi,3,1,14.89,10.10,21.08.2024
263,Suchy szampon,3,1,14.99,5.00,21.08.2024
264,Opłata za brak biletu MPK,10,1,16.00,0.00,21.08.2024
265,Lewiatan,1,,17.66,,21.08.2024
266,Kebab,1,1,25.78,0.00,22.08.2024
267,Bilet PKP ulgowy,10,1,9.55,0.00,22.08.2024
268,Bilet PKP normalny,10,1,19.50,0.00,23.08.2024
269,Rower - naprawa,12,1,500.00,0.00,23.08.2024
270,Bilety PKP - n i u + rowery,10,4,37.05,0.00,25.08.2024
271,Chałka,1,1,7.80,0.00,26.08.2024
272,Bułki tapas z pieca,1,2,3.60,0.00,26.08.2024
273,Chleb szlachecki,1,0.5,5.20,0.00,26.08.2024
274,Biedronka zakupy,1,,148.95,,26.08.2024
275,Plastry Evra,3,3,161.97,0.00,28.08.2024
276,McFlurry,1,1,11.90,0.00,28.08.2024
277,Suszarka Mi,4,1,69.00,10.00,28.08.2024
278,Witamina C,3,1,16.79,13.20,28.08.2024
279,Bonitki (herbatniki petit beurre),1,3,9.18,4.59,28.08.2024
280,Bułka kajzerka,1,1,0.79,0.00,28.08.2024
281,Ludwik - płyn do naczyń,1,2,9.33,4.45,30.08.2024
282,Jogurt grecki,1,2,4.28,1.02,30.08.2024
283,Parówki z kurczaka,1,1,4.74,3.05,30.08.2024
284,Parówki z szynki,1,1,4.74,3.05,30.08.2024
285,Kołozeszyt A4,4,2,11.22,12.76,30.08.2024
286,Nóż Tefal,4,1,32.73,2.26,30.08.2024
287,Ostrzałka,4,1,32.73,2.26,30.08.2024
288,Pączek pistacjowy,1,1,3.99,0.00,30.08.2024
289,Odkurzacz,4,1,300.00,20.00,31.08.2024
290,Pizza + napiwek,1,1,73.00,0.00,01.09.2024
291,Bułka z dynią,1,1,1.70,0.00,03.09.2024
292,Game (Hogwarts Legacy),7,1,92.70,176.30,04.09.2024
293,Bułka kajzerka,1,1,0.79,0.00,05.09.2024
294,Pomidorki mini san marzano,1,2,7.99,7.99,06.09.2024
295,Jajka bio wolny wybieg,1,18,17.98,6.00,06.09.2024
296,Banany,1,4,3.62,1.45,06.09.2024
297,Drożdżówka z malinami,1,,3.69,0.00,06.09.2024
298,Croissant,1,1,1.79,0.00,06.09.2024
299,Brzoskwinie,1,4,4.05,1.45,06.09.2024
300,Śliwki,1,0.39,1.54,0.76,06.09.2024
301,Bułka paryska,1,1,2.89,0.00,06.09.2024
302,Makaron azjatycki cienki,1,1,2.99,0.00,06.09.2024
303,Smoothie Vital Fresh,1,2,9.32,4.66,06.09.2024
304,Smoothie Vital Fresh,1,1,4.66,2.33,06.09.2024
305,Coca cola (330 ml),1,6,17.94,6.00,06.09.2024
306,Jogurt naturalny (400 g),1,1,1.69,0.00,06.09.2024
307,Sos sweet chilli,1,1,5.99,0.00,06.09.2024
308,Sos sojowy ciemny Tao Tao,1,1,5.99,1.00,06.09.2024
309,Marchewki,1,0.255,0.89,0.00,06.09.2024
310,Imbir korzeń,1,0.03,0.72,0.00,06.09.2024
311,Kukurydza kolba,1,2,3.97,3.97,06.09.2024
312,Pierogi ruskie,1,2,6.95,6.95,06.09.2024
313,Grzyby suszone mun,1,1,4.99,0.00,06.09.2024
314,Papier do sajgonek,1,1,3.99,0.00,06.09.2024
315,Cebula żółta,1,0.26,0.99,0.00,06.09.2024
316,Pulpa z marakui,1,1,4.99,0.00,06.09.2024
317,Tofu sweet chilli,1,1,4.49,0.00,06.09.2024
318,Szynka juranda,1,0.126,5.04,0.00,06.09.2024
319,Szynka z bobrownik,1,0.226,10.39,0.00,06.09.2024
320,Sos ostrygowy,1,1,8.99,0.00,06.09.2024
321,Buraczki (300 g),1,1,2.99,0.00,07.09.2024
322,Papier do sajgonek (100 g),1,1,3.99,0.00,07.09.2024
323,Ciastka mars,1,1,5.99,3.00,07.09.2024
324,Ciastka twix,1,1,5.99,3.00,07.09.2024
325,Przecier pomidorowy,1,1,4.69,0.00,07.09.2024
326,Kinder czekolada,1,3,13.58,6.79,07.09.2024
327,Baton knopers (40 g),1,4,8.82,2.94,07.09.2024
328,Pączek pistacjowy,1,3,11.97,0.00,10.09.2024
329,Bułka z ziarnami i żurawiną,1,2,4.60,0.00,11.09.2024
330,Chleb rybka,1,1,6.70,0.00,11.09.2024
331,Drożdżówka z marmoladą,1,1,4.20,0.00,11.09.2024
332,Rogaliki z powidłami,1,0.174,8.68,0.00,11.09.2024
333,Płatki choki (250 g),1,1,3.49,0.00,13.09.2024
334,Sok pomarańczowy Vital Fresh,1,2,13.98,2.00,13.09.2024
335,Czekolada Milka,1,1,5.99,0.00,13.09.2024
336,Czekolada Milka,1,1,2.00,2.99,13.09.2024
337,Batoniki Mars,1,3,8.99,0.00,13.09.2024
338,Batoniki Snickers (75 g),1,4,6.98,6.98,13.09.2024
339,Ser Gouda (150 g),1,2,8.90,2.08,13.09.2024
340,Rurki waniliowe (280 g),1,1,3.99,0.00,13.09.2024
341,Śmietana Piątnica,1,0.2,2.69,0.00,13.09.2024
342,Bułka codzienna,1,1,1.09,0.00,13.09.2024
343,Pomidory malinowe,1,0.455,3.64,0.00,13.09.2024
344,Czosnek,1,1,1.98,0.00,13.09.2024
345,Szynka filet z bobrownik,1,0.134,6.16,0.00,13.09.2024
346,Szynka wieprzowa,1,0.2,7.80,0.00,13.09.2024
347,Bilety MPK,10,2,12.00,0.00,14.09.2024
348,Mleko (Mleczno dolina) 1.5%,1,2,6.58,0.00,18.09.2024
349,Mleko Łacieta 3.2%,1,1,4.19,0.00,18.09.2024
350,Train ticket (Krakow-Tarnow),10,1,19.50,0.00,20.09.2024
351,Tram ticket (20 min),10,1,4.00,0.00,20.09.2024
352,Belgium cookies (270 g),1,1,8.91,0.00,21.09.2024
353,Chipsy gourmes (200 g),1,1,5.99,0.00,27.09.2024
354,Cebula żółta luz,1,0.14,0.28,0.25,27.09.2024
355,Czosnek,1,1,1.95,0.00,27.09.2024
356,Marchewka luz,1,0.375,1.31,0.00,27.09.2024
357,Por luz,1,0.162,1.54,0.00,27.09.2024
358,Pietruszka natka,1,1,1.89,0.00,27.09.2024
359,Cukinia,1,0.546,3.69,0.00,27.09.2024
360,Perfumy S. Oliver here,11,1,65.99,44.00,28.09.2024
361,Alterra men pasta,11,1,12.99,7.00,28.09.2024
362,Facelle podpaski,3,1,5.99,0.00,28.09.2024
363,Hello love krem,11,1,21.99,0.00,28.09.2024
364,AA men active care (dezodorant),3,1,8.99,4.00,28.09.2024
365,Men expert shirt (dezodorant),3,1,11.49,5.50,28.09.2024
366,Suit fixing,2,,200.00,0.00,28.09.2024
367,Pair Shoes,2,1,159.99,40.00,28.09.2024
368,Pair Shoes,2,1,95.99,24.01,28.09.2024
369,Shirt,2,1,129.95,70.00,28.09.2024
370,3 Pairs Skarpetki,2,3,23.98,0.00,28.09.2024
371,Accenture outing,7,1,37.37,0.00,30.09.2024
372,Podróż do Krakowa,10,1,29.05,0.00,30.09.2024
373,Podróż do Tarnowa,10,1,22.13,0.00,30.09.2024
374,Torebki CCC,11,2,287.98,72.00,01.10.2024
375,Kawa Boho,1,1,15.90,0.00,02.10.2024
376,Rajstopy i pierdoły,11,,132.69,28.60,04.10.2024
377,Zakupy Biedronka,1,1,74.31,,05.10.2024
378,Termofor,4,1,41.99,0.00,04.11.2024
379,Włoszczyzna,1,1,7.99,0.00,04.10.2024
380,Marchewka,1,0.37,1.29,0.00,04.10.2024
381,Kartki ślubne,7,2,21.98,0.00,04.10.2024
382,Ślub Katarzyna i Szymon,7,1,1200.00,0.00,05.10.2024
383,Uber (8 km),10,,70.00,0.00,05.10.2024
384,Banany premium,1,0.466,1.63,1.63,07.10.2024
385,Sok wieloowocowy (1 L),1,1,6.63,1.36,07.10.2024
386,Rośliny,4,2,17.98,6.00,07.10.2024
387,Pomidory w puszce (400 g),1,1,2.99,0.76,07.10.2024
388,Śmietana (200 g),1,1,2.29,0.00,07.10.2024
389,Jogurt naturalny (200 g),1,2,2.08,0.00,07.10.2024
390,Pepsi zero (330 ml),1,4,7.56,0.00,07.10.2024
391,Pomidory w puszce (z cebula),1,2,7.50,0.00,07.10.2024
392,Dare batonik,1,2,3.98,0.00,07.10.2024
393,Monteravy deser,1,1,5.24,0.00,07.10.2024
394,Ogórki zielone,1,0.372,4.46,0.00,07.10.2024
395,Ogórki kiszone (700 g),1,1,5.29,0.00,07.10.2024
396,Surówka z marchewki (300 g),1,1,3.14,0.00,07.10.2024
397,Surówka z buraczki (300 g),1,1,3.14,0.00,07.10.2024
398,Ser biały (400 g),1,1,6.29,0.00,07.10.2024
399,Dżemy w tubce,1,3,5.97,0.00,07.10.2024
400,Chleb włoski,1,1,4.19,0.00,07.10.2024
401,Pączek pistacjowy,1,2,7.98,0.00,07.10.2024
402,Nut bar walfeki,1,1,8.99,0.00,07.10.2024
403,Mix sałata,1,1,4.68,0.00,07.10.2024
404,Miód wielokwiatowy,1,1,19.99,0.00,07.10.2024
405,Ser mascarpone,1,1,13.99,0.00,07.10.2024
406,Papryczki pikantne,1,0.01,0.40,0.00,07.10.2024
407,Szynka krucha,1,0.15,6.00,0.00,07.10.2024
408,Nik pol indyk z pasieki,1,0.196,7.25,0.00,07.10.2024
409,Jordan szczoteczka do zęb,3,1,6.49,0.00,07.10.2024
410,Kamis curry,1,1,2.39,0.00,07.10.2024
411,Imbir,1,0.01,0.24,0.00,07.10.2024
412,Pomidory malinowe,1,0.322,3.22,0.00,07.10.2024
413,Flonidan control,3,3,44.97,0.00,10.10.2024
414,Papier ksero + pisaki + wysyłka,11,,67.89,0.00,10.10.2024
415,Podkładka pod mysz + prezent + wysyłka,11,,48.74,0.00,10.10.2024
416,McNuggets,1,9,21.50,0.00,12.10.2024
417,Chrup Lodeczki,1,1,8.90,0.00,12.10.2024
418,Big Mac,1,1,14.90,0.00,12.10.2024
419,Frytki,1,1,8.20,0.00,12.10.2024
420,Fanta (0.4L),1,1,8.40,0.00,12.10.2024
421,Obiad Doskoi,1,1,60.00,0.00,10.10.2024
422,Stardew Valley,7,1,26.99,27.00,12.10.2024
423,Bilet PKP KMŁ ulgowy,10,1,9.55,0.00,13.10.2024
424,Bilet PKP intercity ulgowy,10,1,13.23,0.00,16.10.2024
425,Zakupy Biedronka,1,1,93.86,,17.10.2024
426,Spotify,7,1,12.99,0.00,17.10.2024
427,Garlic bread,1,1,2.79,0.00,17.10.2024
428,Kurs polskiego,9,1,1170.00,80.00,18.10.2024
429,Barszcz czerwony w torebce,1,1,4.80,0.00,18.10.2024
430,Zakupy Biedronka,1,1,67.54,,19.10.2024
431,Zakupy Lewiatan,1,1,19.07,,17.10.2024
432,Leki DOZ,4,6,110.34,0.00,20.10.2024
433,Kredka do brwi,6,1,17.99,8.00,21.10.2024
434,Curry japońskie i papier do sajgonek,1,2,44.50,0.00,21.10.2024
435,Kol-pol zakupy,4,,193.49,0.00,22.10.2024
436,Zakupy Biedronka,1,,33.86,,22.10.2024
437,Chleb + pączek,1,,12.10,0.00,24.10.2024
438,Zakupy Lewiatan,1,,39.55,,24.10.2024
439,Kawa na uczelni,1,1,3.50,0.00,24.10.2024
440,chałka mini,1,,3.99,0.00,25.10.2024
441,Bułka włoszka,1,1,1.50,0.00,25.10.2024
442,Festiwal wege i słodyczy,7,,219.00,0.00,26.10.2024
443,Serek Twój Smak,1,1,3.99,0.00,28.10.2024
444,Serek Delikate,1,1,4.59,0.00,28.10.2024
445,Kinder Czekolada,1,2,9.98,3.12,28.10.2024
446,Tortilla placki,1,1,3.99,0.00,28.10.2024
447,Ciastka z czekoladą,1,2,9.98,2.00,28.10.2024
448,Chleb rodzinny (410 g),1,1,4.29,0.00,06.11.2024
449,Por luz,1,0.515,4.63,0.00,06.11.2024
450,Napój Gaz Cola (330 ml),1,3,8.97,1.20,06.11.2024
451,Kor śledź marinero (250 g),1,1,6.25,0.00,06.11.2024
452,Jajka wolny webieg (L category),1,10,10.99,0.00,06.11.2024
453,Pomidor Mutti krojone (450 g),1,2,8.98,0.92,06.11.2024
454,Półbagietka (110 g),1,1,1.25,0.00,06.11.2024
455,Pomidor malin luz,1,0.905,13.11,0.00,06.11.2024
456,Papryka Słodka żłota,1,0.2,1.80,1.00,06.11.2024
457,Dorsz Atlant,1,0.528,26.35,9.61,06.11.2024
458,Śmietana 18% (200 g),1,1,2.69,0.00,06.11.2024
459,Rurki Waffle (280 g),1,2,6.98,1.00,06.11.2024
460,Rogal świętomarciński (120 g),1,2,6.98,2.00,06.11.2024
461,tusze do drukarki,4,4,129.99,0.00,06.11.2024
462,kawa na uczelni,1,1,3.50,,07.11.2024
463,woda,1,1,2.50,,07.11.2024
464,Olewnik szynka wędzarza,1,0.2,7.40,0.00,08.11.2024
465,Filet maślany z indyka,1,0.202,7.47,0.00,08.11.2024
466,Mleko 3.2 1L,1,1,3.79,0.00,08.11.2024
467,Papryka słodka czerw,1,0.32,3.20,1.28,08.11.2024
468,Tuń Sos Własn185 130,1,2,9.18,3.18,08.11.2024
469,Ryż Biały Długo (1 kg),1,1,3.99,0.00,08.11.2024
470,Matjas 460,1,0.35,6.99,2.40,08.11.2024
471,LPMB Brzoskw (400 ml),1,1,6.99,7.00,08.11.2024
472,LPMMarak Mango (400 ml),1,1,7.00,6.99,08.11.2024
473,MydKos Lind Glicer,1,0.1,2.99,0.00,08.11.2024
474,Masło ekstra (200 g),1,3,16.98,8.49,08.11.2024
475,Cebula zółta luz,1,0.5,1.00,0.75,08.11.2024
476,Paluszki dorsz (300 g),1,2,15.09,11.09,08.11.2024
477,Surówki Mix VF (300 g),1,2,5.98,0.00,08.11.2024
478,Smo MorB Vit fresh (250 ml),1,1,2.99,0.66,08.11.2024
479,Śliwka luz (350 g),1,1,2.80,0.63,08.11.2024
480,Banan Premium luz,1,0.76,2.65,2.66,08.11.2024
481,Cytryna luz,1,0.29,1.45,1.45,08.11.2024
482,Cz milka alpin (100 g),1,1,4.00,1.99,08.11.2024
483,Czeko milk wint (100 g),1,1,3.99,2.00,08.11.2024
484,Milka caramel (100 g),1,1,3.99,2.00,08.11.2024
485,Ćwiartka kurczak,1,1.634,8.15,8.99,08.11.2024
486,Sok pomarańczowy,1,1,6.79,0.00,08.11.2024
487,Nektar mango,1,1,3.99,0.00,08.11.2024
488,Marchewka luz,1,0.218,0.43,0.00,08.11.2024
489,Bułka paryska,1,1,2.17,0.72,08.11.2024
490,Serek do smar śmiet,1,1,4.69,0.00,08.11.2024
491,Ptasie mleczko,1,1,12.99,0.00,08.11.2024
492,Ciasta kruche zNadz,1,1,3.99,0.00,08.11.2024
493,Frakfurterki Jagn,1,1,9.99,0.00,08.11.2024
494,Croissant Nadz krem,1,1,3.49,0.00,08.11.2024
495,Specjały z s. twarog,1,1,7.99,0.00,08.11.2024
496,Kinder pingui,1,1,7.99,0.00,08.11.2024
497,Rurki z k. wanil,1,1,3.99,0.00,08.11.2024
498,Twaróg krajanka,1,0.4,6.29,0.00,08.11.2024
499,Ślub Izy <3,7,1,1000.00,,09.11.2024
500,Bolt (11 km),10,,34.79,,09.11.2024
501,Bilet normalny (1h),10,1,6.00,,09.11.2024
502,Chipsy Papryka Lays,1,1,5.99,1.70,13.11.2024
503,Chleb śłowia (380 g),1,1,4.29,0.00,13.11.2024
504,Makaron Spaghetti (500 g),1,1,5.99,0.00,13.11.2024
505,Mcdonalds,1,1,17.50,,14.11.2024
506,Bilet ulg Bochnia-Tarnow,10,1,5.14,,14.11.2024
507,Bilet ulg Tar - Krk,10,1,12.54,,17.11.2024
508,kawa i ciastko,7,,32.00,,20.11.2024
509,batonik milka,1,1,3.00,,20.11.2024
510,chleb,1,1,5.00,,20.11.2024
511,bilety krk - tar,10,,30.00,,22.11.2024
512,Uriage gel,3,1,39.99,,27.11.2024
513,Mediderem shampoo,3,1,25.99,,27.11.2024
514,Uszka z kapusta,1,0.35,10.98,3.00,28.11.2024
515,Jogurt Grecki (400 g),1,1,2.85,0.00,28.11.2024
516,Drożdże,1,0.1,1.29,0.00,28.11.2024
517,Jajka wolny wybieg,1,10,9.49,0.00,28.11.2024
518,Makaron Spaghetti (500 g),1,1,5.99,0.00,28.11.2024
519,Camembert,1,2,7.98,0.00,28.11.2024
520,Ziemniaki jad luz,1,1.76,2.27,2.99,28.11.2024
521,Łosoś Marin Mix (125 g),1,2,19.48,6.50,28.11.2024
522,Surówki Mix VF (300 g),1,2,5.98,0.00,28.11.2024
523,Twaróg krajanka (500 g),1,1,7.86,0.00,28.11.2024
524,Barszcz czerwony winiary,1,1,2.79,0.00,28.11.2024
525,Rukola,1,0.1,4.49,0.00,28.11.2024
526,Pomidor,1,0.265,4.77,0.00,28.11.2024
527,Awokado,1,2,7.99,7.99,28.11.2024
528,Musli One Day More + przesyłka,1,3,40.77,30.00,29.11.2024
529,Pasta z Mają,1,1,52.00,0.00,27.11.2024
530,Śmietanka łaciata 30%,1,2,15.98,4.00,30.12.2024
531,Fanta (330 ml),1,2,6.78,0.00,30.12.2024
532,Cheetosy serowe,1,1,5.99,0.00,30.12.2024
533,Samsung A55,5,1,1499.00,0.00,01.12.2024
534,Hoodie,2,1,97.49,32.50,01.12.2024
535,Kurtka,2,1,279.99,120.00,01.12.2024
536,Czapka,2,1,29.90,0.00,01.12.2024
537,Olewnik szynka,1,0.2,9.00,0.00,01.12.2024
538,Paski boczkowe,1,0.198,4.95,0.00,01.12.2024
539,Prokokos sernik,1,0.286,10.44,0.00,01.12.2024
540,Bułka ziemniaczana,1,1,1.14,0.00,01.12.2024
541,Croissant pistacjowy,1,1,7.99,0.00,01.12.2024
542,Chleb włoski,1,1,4.19,0.00,01.12.2024
543,Bułka poznańska,1,1,0.91,0.00,01.12.2024
544,Smoothie owoce (0.75 L),1,1,6.99,0.00,01.12.2024
545,Mleko Łaciate (3.2% 1 L),1,1,4.19,0.00,01.12.2024
546,Kebab lunch (Alibaba Serenada),7,2,30.00,0.00,01.12.2024
547,Płatki Muszelki (500 g),1,1,6.99,0.00,01.12.2024
548,Bilet Krakow do Tarnowie,10,2,28.16,0.00,02.12.2024
549,Podpaski Perfecta,3,1,7.49,0.00,03.12.2024
550,doładowanie dla taty,11,1,50.00,0.00,04.12.2024
551,MakarChiffPast (500 g),1,1,4.19,0.00,04.12.2024
552,Kawa Miel,1,0.275,21.49,0.00,04.12.2024
553,Muffin Wedel,1,4,15.16,0.00,04.12.2024
554,Marchewka opak,1,1,5.99,0.00,04.12.2024
555,Jogurt naturalny Pilos,1,2,3.58,0.00,05.12.2024
556,Kinder czekolada,1,1,9.29,0.00,05.12.2024
557,Piżama,2,1,34.99,0.00,05.12.2024
558,Ocet ryżowy,1,1,5.99,0.00,05.12.2024
559,Olejek do włosów Wedel,6,1,13.49,9.50,05.12.2024
560,Szampon seboradin łupież,6,1,22.99,11.00,05.12.2024
561,Szampon seboradin wypadanie,6,1,22.99,11.00,05.12.2024
562,Dyfuzor zapachowy,4,1,24.99,12.00,05.12.2024
563,Milka mikołaj czekoladowy,1,1,11.99,0.00,05.12.2024
564,Sos sweet chilli,1,1,5.99,0.00,05.12.2024
565,Sos sojowy Kikoman,1,1,11.99,0.00,05.12.2024
566,Pomarańcze,1,0.415,1.45,1.45,05.12.2024
567,Cytryny,1,0.63,3.14,3.09,05.12.2024
568,Ładowarka Samsung,5,2,128.00,50.00,06.12.2024
569,choinka,4,1,319.20,180.00,07.12.2024
570,bombki duże,4,2,25.98,0.00,07.12.2024
571,lampki kolorowe,4,1,24.99,10.00,07.12.2024
572,kubek dla Madzi,8,1,18.99,14.00,07.12.2024
573,serwetki świąteczne,4,1,4.79,3.20,07.12.2024
574,opłatki,4,1,18.00,0.00,07.12.2024
575,Czekoladowy mikołaj Goplana,1,2,3.98,0.00,09.12.2024
576,Torebki do mrożenia,4,1,6.50,0.00,09.12.2024
577,Wykałaczki,4,1,1.49,0.00,09.12.2024
578,Wędlina filet maślany z indyka,1,0.206,6.38,0.00,09.12.2024
579,Dywan Oslo,4,1,49.99,0.00,09.12.2024
580,Puzzle,7,1,29.99,0.00,09.12.2024
581,Herbatniki petit beurre,1,2,5.98,3.12,09.12.2024
582,Mleko 3.2%,1,2,7.58,0.00,09.12.2024
583,Notes dla taty,8,1,14.99,0.00,09.12.2024
584,Ogórek gruntowy,1,0.15,1.65,0.00,09.12.2024
585,Chleb włoski,1,1,4.49,0.00,09.12.2024
586,Papier toaletowy,3,2,15.98,3.00,09.12.2024
587,Passata mutti (750 g),1,1,9.39,0.00,18.12.2024
588,Bułka Tarta Pano (450 g),1,1,3.48,0.00,18.12.2024
589,Pączek pistacjowy,1,2,7.98,0.00,18.12.2024
590,Chleb włoski,1,1,4.29,0.00,18.12.2024
591,Twaróg krajanka (400 g),1,1,6.49,0.00,18.12.2024
592,Ziemniaki luz,1,0.75,2.99,0.00,18.12.2024
593,Mięso mielone wołowina (400 g),1,1,14.99,0.00,18.12.2024
594,prezent poduszka dla mamy,4,2,266.00,0.00,24.01.2025
595,prezent portfel dla taty,4,1,83.93,36.06,24.01.2025
596,prezenty wszelakie,4,,104.05,0.00,24.01.2025
597,koszulka Fila,2,1,50.00,0.00,24.01.2025
598,Korektor postawy + wysyłka,2,1,74.00,20.00,24.01.2025
599,Bilet Tarnów do Krakowa,10,2,40.23,0.00,29.12.2024
600,Pepsi (1.75 L),1,2,10.98,6.40,30.12.2024
601,Ryż biały długo (1 kg),1,2,7.98,0.00,30.12.2024
602,Ser gouda świat,1,0.3,9.99,0.00,30.12.2024
603,Groszek nasz spiż,1,0.4,2.69,0.00,30.12.2024
604,Szczot zęb dent,3,2,4.59,0.00,30.12.2024
605,Masło extra dolina (200 g),1,3,14.25,9.72,30.12.2024
606,Piwo (team outing),1,1,15.00,,30.12.2024
607,Serek Klas delik (200 g),1,1,4.39,0.00,31.12.2024
608,Awokado,1,1,6.49,0.00,31.12.2024
609,Płatki ciasteczka (500 g),1,1,7.49,0.00,31.12.2024
610,Tortilla (306 g),1,2,7.98,0.00,31.12.2024
611,Płatki Muszelki (250 g),1,2,7.58,0.00,31.12.2024
612,Chipsy ceb Lays (130 g),1,1,7.69,0.00,31.12.2024
613,Orzechy nerkowce (155 g),1,1,8.89,0.00,31.12.2024
614,Mix sałat,1,1,4.99,0.00,31.12.2024
615,Pomidorki cherry (500 g),1,1,13.99,0.00,31.12.2024
616,Hummus burak (160 g),1,1,4.29,0.00,31.12.2024
617,Marchewka luz,1,0.34,1.25,0.00,31.12.2024
618,Cebula żłota luz,1,0.27,0.67,0.27,31.12.2024
619,Wino dorato białe (0.75 L),1,1,10.99,4.00,31.12.2024
620,Olej rzepakowyn (1 L),1,1,6.99,0.00,31.12.2024
621,Papryka czerwona,1,0.212,2.97,0.00,31.12.2024
622,Sitko plastikowe,4,1,2.69,0.00,31.12.2024
623,Bilet MPK,10,1,90.00,90.00,29.12.2024
624,Miniodkurzacz,4,1,43.69,0.00,01.01.2025
625,Zakładki do książek,4,1,14.29,0.00,01.01.2025
626,Organizer do kabli,4,1,6.10,0.00,01.01.2025
627,Naklejka na laptopa,4,1,86.39,0.00,01.01.2025
628,Trytytka,4,1,3.99,0.00,01.01.2025
629,Daktyle,1,1,8.29,0.00,03.01.2025
630,Pomadka Alterra,3,1,4.99,2.00,03.01.2025
631,Hummus buraczki (160 g),1,1,3.37,0.92,03.01.2025
632,Hummus pesto (160 g),1,1,3.37,0.92,03.01.2025
633,Herbata Remsey,1,1,9.65,0.34,03.01.2025
634,Ketchup łagodny Pudliszki (480 g),1,1,5.79,1.70,03.01.2025
635,Kret,4,1,16.42,0.57,03.01.2025
636,Półbagietka (110 g),1,1,2.42,0.08,03.01.2025
637,Ciastka z nadzieniem budyniowym (4*35 g),1,4,5.75,0.21,03.01.2025
638,Sernik pistacjowy (450 g),1,1,17.38,0.61,03.01.2025
639,Mix sałat (150 g),1,1,5.31,0.18,03.01.2025
640,Ogórek,1,0.4,5.11,0.18,03.01.2025
641,Nerkowce (180 g),1,1,9.66,0.33,03.01.2025
642,Orzechy brazylijskie (180 g),1,1,13.32,0.47,03.01.2025
643,Marchewki,1,0.39,1.51,0.05,03.01.2025
644,Ziemniaki,1,1.23,1.77,2.89,03.01.2025
645,Mandarynka,1,0.67,2.58,3.44,03.01.2025
646,Jajka wolny wybieg (10 sztuk),1,1,9.17,0.32,03.01.2025
647,Zupa ogórkowa (450 g),1,1,6.08,0.21,03.01.2025
648,Boczek wędzony parzony,1,0.26,10.02,0.35,03.01.2025
649,Smalczyk z fasoli (115 g),1,1,3.86,0.13,03.01.2025
650,Ogórek szklarniowy,1,1,5.78,0.21,03.01.2025
651,Klej kropelka,4,1,4.82,0.17,03.01.2025
652,Chleb typu włoskiego (500 g),1,1,4.49,0.00,04.01.2025
653,Mleko 3.2 (1L),1,6,15.16,7.58,04.01.2025
654,Milka Oreo (300g),1,1,8.49,8.50,04.01.2025
655,Milka mleczna (270g),1,1,8.49,8.50,04.01.2025
656,Bilet MPK ulgowy,10,1,79.50,0.00,05.01.2025
657,Lodowisko,7,1,44.00,0.00,05.01.2025
658,Ramen,7,1,60.00,0.00,05.01.2025
659,Klucz do odpowietrzania,4,2,19.96,0.00,07.01.2025
660,Klucz imbusowy 8 mm,4,1,10.48,0.00,07.01.2025
661,Klucz imbusowy 9 mm,4,1,11.98,0.00,07.01.2025
662,Taśma dwustronna,4,1,8.50,,11.01.2025
663,Filet Maślany z indyka,1,0.102,3.77,0.00,11.01.2025
664,Szynka bukowa,1,0.152,6.53,0.00,11.01.2025
665,Hortex groszek zielony,1,1,9.49,0.00,11.01.2025
666,Masło extra (200g),1,3,17.97,6.00,11.01.2025
667,Nerkowce (155g),1,1,6.66,2.23,11.01.2025
668,Nerkowce (155g),1,1,6.67,2.22,11.01.2025
669,Bagietka czosnkowa (165g),1,2,5.98,0.00,11.01.2025
670,Makaron Fusilli (500g),1,1,4.49,0.00,11.01.2025
671,Buraczki tarte (380g),1,1,3.99,0.00,11.01.2025
672,Koncentrat pomidowy Culineo (190g),1,1,2.45,0.00,11.01.2025
673,Pomidory w puszcze Nasza Spiżarnia (150g),1,1,7.49,0.00,11.01.2025
674,Żołądki (450g),1,2,10.58,0.00,11.01.2025
675,Grana padano wiórki (100g),1,1,8.79,0.00,11.01.2025
676,Parówki Tarczyński z kurczaka (160g),1,1,7.79,0.00,11.01.2025
677,Ciasteczka digestive (300g),1,1,5.99,0.00,11.01.2025
678,Cebula dymka,1,1,2.99,0.00,11.01.2025
679,Łosoś wędzony plastry (100g),1,2,23.98,0.00,11.01.2025
680,Smoothie owoce tropikalne (0.75L),1,2,9.98,4.00,11.01.2025
681,Jajka wolny wybieg (20 sztuk),1,2,16.09,6.89,11.01.2025
682,Kotlety sojowe (100g),1,1,2.99,0.00,11.01.2025
683,Ser gouda Światowid (500g),1,2,15.98,16.00,11.01.2025
684,Mix sałat (160g),1,1,5.49,0.00,11.01.2025
685,Marchewki luz,1,0.525,1.94,0.00,11.01.2025
686,Banan luz,1,1.245,4.35,4.35,11.01.2025
687,Pomidory na gałązce,1,0.465,3.72,3.25,11.01.2025
688,Sałata rzymska mini,1,1,5.99,0.00,11.01.2025
689,Pomidorki cherry na gałązce (500g),1,1,13.99,0.00,11.01.2025
690,Ogórki,1,0.3,3.90,0.00,11.01.2025
691,Kiełki mix (150g),1,1,4.19,0.00,11.01.2025
692,Cebula żółta,1,0.23,0.80,,11.01.2025
693,Par mix tar (160-180g),1,1,3.24,3.25,11.01.2025
694,Muffin wedel (115g),1,4,11.97,3.99,11.01.2025
695,Chleb firmowy Łysa Góra,1,1,7.50,0.00,14.01.2025
696,Bułka z żurawiną,1,1,2.30,0.00,14.01.2025
697,Pączek z cukrem pudrem,1,1,4.20,0.00,14.01.2025
698,Kremówka,1,2,15.80,0.00,14.01.2025
699,Pepsi w puszcze (330 ml),1,2,7.58,0.00,17.01.2025
700,Chipsy monster munch,1,1,5.75,0.00,17.01.2025
701,Chipsy Lays,1,1,7.69,0.00,17.01.2025
702,Baton Knoppers,1,2,5.88,0.00,17.01.2025
703,Pączek cynamonowy,1,1,6.95,0.00,17.01.2025
704,Croissant,1,1,4.95,0.00,17.01.2025
705,Piwo Żywiec lane,7,3,45.00,0.00,18.01.2025
706,Pizza duża + pudełko,1,1,67.48,0.00,19.01.2025
707,Torcik banoffee,1,1,12.90,0.00,19.01.2025
708,Sernik czekoladowy,1,1,10.50,0.00,19.01.2025
709,Krem ze śluzem ze ślimaka,3,1,33.89,29.10,23.01.2025
710,Peeling Purederm,3,2,23.99,15.99,23.01.2025
711,Syrop malinowy,8,1,9.99,0.00,24.01.2025
712,Kawa Jacobs mielona,8,1,33.99,0.00,24.01.2025
713,Miód wielokwiatowy,8,1,19.99,0.00,24.01.2025
714,Filet maślany z indyka,1,0.218,8.06,0.00,26.01.2025
715,Makaron świderki (500g),1,1,3.42,0.00,26.01.2025
716,Przecier pomidorowy Culineo (500g),1,1,4.49,0.00,26.01.2025
717,Pieczarki 250 g,1,1,4.99,0.00,26.01.2025
718,Bułka poznańska,1,2,1.44,0.00,26.01.2025
719,Ser mozarella wiórki (300g),1,1,9.99,0.00,26.01.2025
720,Tuńczyk w sosie własnym,1,2,8.66,3.70,26.01.2025
721,Banany,1,0.98,3.42,3.43,26.01.2025
722,Podpaski Bella,3,2,10.98,2.00,28.01.2025
723,Bielenda maseczka,3,1,14.99,10.00,28.01.2025
724,Plasterki na wypryski Isana,3,1,8.49,3.00,28.01.2025
725,Płatki hydrożelowe,3,2,4.98,4.20,28.01.2025
726,Patyczki do uszu,3,1,1.99,1.30,28.01.2025
727,Chleb krakowski,1,1,5.99,0.00,30.01.2025
728,Pierś z indyka gotowana,1,0.304,12.16,0.00,30.01.2025
729,Chipsy monster munch,1,1,5.75,0.00,30.01.2025
730,Kinder czekolada,1,3,13.59,6.78,31.01.2025
731,Makaron spaghetti Barilla (1 kg),1,1,11.49,0.00,31.01.2025
732,Makaron chow mein (250 g),1,1,4.99,0.00,31.01.2025
733,Baton knoppers,1,2,5.88,0.00,31.01.2025
734,Mięso mielone z indyka,1,0.5,11.99,0.00,31.01.2025
735,Buraczki (300 g),1,1,3.14,0.00,31.01.2025
736,Cebula dymka,1,1,2.99,0.00,31.01.2025
737,Twaróg krajanka (400 g),1,1,6.39,0.00,31.01.2025
738,Miodownik (ciasto),1,0.435,12.35,1.53,31.01.2025
739,Pain au chocolat,1,2,5.58,0.00,31.01.2025
740,Chleb włoski,1,1,4.29,0.00,31.01.2025
741,Pączek pistacjowy,1,2,7.98,0.00,31.01.2025
742,Bilet MPK,10,1,90.00,90.00,01.02.2025
743,Jogurt grecki Fruvita (400g),1,2,5.70,0.00,03.02.2025
744,Filet z kurczaka z wolnego wybiegu,1,0.42,18.86,0.00,03.02.2025
745,Serek wiejski (200g),1,1,2.89,0.00,03.02.2025
746,Jarmuż myty (200g),1,1,5.59,0.00,03.02.2025
747,Dynia hokkaido luz,1,1.22,7.31,0.00,03.02.2025
748,Marchewki luz,1,0.315,1.16,0.00,03.02.2025
749,Cebula żółta,1,0.33,1.15,0.00,03.02.2025
750,Pomidorki papryczkowe,1,0.25,6.50,0.00,03.02.2025
751,Pierś z indyka gotowana,1,0.198,7.92,0.00,03.02.2025
752,Wawel baton advocat (39g),1,1,2.39,0.00,03.02.2025
753,Wawel baton krówkowy,1,2,4.78,0.00,03.02.2025
754,Szynka od szwagra,1,0.212,7.63,0.00,03.02.2025
755,Pierczaki luz,1,0.246,3.93,0.00,03.02.2025
756,Bilety ulgowe,10,2,4.00,4.00,05.02.2025
757,Pomidory na gałązce luz,1,0.42,3.36,2.94,05.02.2025
758,Olej wyborny 1L,1,2,8.49,6.49,05.02.2025
759,Filet z kurczaka z chowu bez antybiotyków,1,0.545,20.02,0.00,05.02.2025
760,Drożdżówka z malinami (110g),1,1,3.69,0.00,08.02.2025
761,Pieguski ciastka (135g),1,2,7.58,3.40,08.02.2025
762,Przekąska talarki (200g),1,1,5.75,0.00,08.02.2025
763,Paluszki Beskidzkie z solą (240g),1,1,3.00,1.59,08.02.2025
764,Bułka pasterka (90g),1,3,3.57,0.00,08.02.2025
765,Drożdżówka z serem (130g),1,1,3.35,0.00,08.02.2025
766,Kabanosy Exclusive Tarczyński(95g),1,2,8.83,4.75,08.02.2025
767,Ser camambert (120g),1,2,7.29,7.29,08.02.2025
768,Ser sałatkowy Delikate (270g),1,1,4.99,0.00,08.02.2025
769,Kiełbasa chorizo (280g),1,1,15.99,0.00,08.02.2025
770,Batoniki knoppers (3 sztuki),1,1,6.49,0.00,08.02.2025
771,Draże kokosowe (130g),1,1,3.49,0.00,08.02.2025
772,Słuchawki wireless JBL,5,1,269.99,0.00,08.02.2025
773,Plastry Evra,3,3,164.97,0.00,08.02.2025
774,Obiad w Pasibusie,7,1,92.96,0.00,08.02.2025
775,Milka czekolada (300g),1,2,23.99,15.99,08.02.2025
776,Napój Oshee (0.55L),1,1,3.45,0.00,08.02.2025
777,Wycieczka Budapeszt,7,1,1250.00,185.00,13.02.2025
778,Praliny Lindt (200g),1,1,29.99,0.00,14.02.2025
779,Kwiat róże (11),7,1,7.79,5.20,14.02.2025
780,Olio kolacja + napiwek,7,1,137.00,0.00,14.02.2025
781,Passata Mutti (700g),1,1,9.59,0.00,15.02.2025
782,Czekolada mleczna Wedel (90g),1,2,7.32,3.66,15.02.2025
783,Mąka typu 450 Plony Natury (1kg),1,1,2.29,0.00,15.02.2025
784,Oliwa z oliwek (750ml),1,1,34.99,0.00,15.02.2025
785,Por luz,1,0.22,1.98,0.00,15.02.2025
786,Podudzia z kurczaka,1,1.568,12.53,7.21,15.02.2025
787,Ćwiartka kurczaka (1.409kg),1,1.409,9.85,4.93,15.02.2025
788,Łosoś filet,1,0.302,24.04,0.00,15.02.2025
789,Marchewki luz,1,0.615,2.27,0.00,15.02.2025
790,Pomarańcze luz,1,0.935,4.67,1.87,15.02.2025
791,Awokado,1,2,7.98,5.00,15.02.2025
792,Ogórki gruntowe luz,1,0.155,1.24,0.77,15.02.2025
793,Seler korzeń luz,1,0.41,2.66,0.00,15.02.2025
794,Cebula żółta luz,1,0.37,1.29,0.00,15.02.2025
795,Serek kanapkowy Twój Smak (135g),1,1,3.99,0.00,15.02.2025
796,Twaróg półtłusty (250g),1,1,3.98,0.00,15.02.2025
797,Jaja wolny wybieg (10 szt),1,1,11.15,0.00,15.02.2025
798,Gąbka scrub mommy,3,1,12.99,0.00,15.02.2025
799,Chleb rodzinny (410g),1,1,4.29,0.00,15.02.2025
800,Czekolada biała Wedel (80g),1,1,3.68,1.83,15.02.2025
801,Chipsy Lays zielona cebulka (163g),1,1,6.99,0.00,15.02.2025
802,Kurczak gotowany Tarczyński,1,0.172,7.39,0.00,15.02.2025
803,Pietruszka (korzeń),1,0.228,1.37,0.00,15.02.2025
804,Natka pietruszki,1,1,2.69,0.00,15.02.2025
805,Szynka pierś gotowana z indyka Bianka,1,0.194,6.98,0.00,17.02.2025
806,Zacierka babuni (250 g),1,1,2.49,,17.02.2025
807,Makaron krajanka babuni (250 g),1,2,2.49,,17.02.2025
808,Kurs polskiego,9,1,1250.00,0.00,17.02.2025
809,Bilet PKP ulgowy KRK - TAR,10,1,10.53,10.97,18.02.2025
810,Chrupki cheetos serowe,1,1,5.99,0.00,19.02.2025
811,Piwo Heineken,1,4,19.16,0.00,19.02.2025
812,Bilet PKP normalny KRK - TAR,10,1,21.50,0.00,20.02.2025
813,Bilet PKP normalny TAR - KRK,10,1,21.50,0.00,23.02.2025
814,Bluza dresowa 4F fioletowa,2,1,56.99,73.00,23.02.2025
815,Spodnie dresowe 4F fioletowe,2,1,47.49,72.50,23.02.2025
816,Spodnie dresowe 4F granatowe,2,1,47.49,72.50,23.02.2025
817,Kurtka zimowa Under Armour,2,1,360.00,540.00,26.02.2025
818,Bilet PKP ulgowy TAR - KRK,10,1,10.53,10.97,26.02.2025
819,Bilet miesięczny ulgowy,10,1,79.50,80.50,27.02.2025
820,Chleb włoski,1,1,4.49,0.00,27.02.2025
821,Pomidorki papryczkowe,1,0.425,6.37,4.68,27.02.2025
822,Cukinia,1,0.28,3.36,0.00,27.02.2025
823,Ogórki kiszone,1,0.4,5.19,0.00,27.02.2025
824,Buraczki surówka,1,1,2.99,0.00,27.02.2025
825,Cytryny,1,0.38,1.90,1.14,27.02.2025
826,Łosoś norweski (150 g),1,2,26.98,9.00,27.02.2025
827,Ogórek szklarniowy,1,0.3,4.32,0.00,27.02.2025
828,Gumka do włosów,11,2,11.99,0.00,27.02.2025
829,Awokado Hass,1,2,6.99,6.99,27.02.2025
830,Pączki Dobra Pączkarnia,1,6,54.00,0.00,27.02.2025
831,Obiad McDonald's,7,2,57.90,,28.02.2025
832,Bilet lotniczy do Portugalii,7,2,1151.05,,28.02.2025
833,Gąbki do naczyń Zosia 10 szt,4,1,2.79,0.00,01.03.2025
834,Ziemniaki luz,1,1.58,3.87,0.00,01.03.2025
835,Netflix 1 miesiąc,7,1,33.00,0.00,04.03.2025
836,Pizza + lemoniada,1,1,30.00,0.00,05.03.2025
837,Pietruszka (natka),1,1,1.89,0.00,06.03.2025
838,Passata Mutti (700 g),1,1,9.59,0.00,06.03.2025
839,Chleb typu włoskiego,1,1,4.49,0.00,06.03.2025
840,Mintaj,1,0.4,15.16,3.16,06.03.2025
841,pierogi ruskie mrożone (800 g),1,2,11.98,2.52,06.03.2025
842,Ogórek szklarniowy,1,0.245,1.96,1.57,06.03.2025
843,Łosoś wędzony na zimno (100 g),1,2,17.98,6.00,06.03.2025
844,Zupa minetstrone,1,0.45,6.81,0.00,06.03.2025
845,Kurczak gotowany tarczyński,1,0.228,7.75,0.00,07.03.2025
846,Ocet ryżowy (152 ml),1,1,7.49,0.00,07.03.2025
847,Nori asia (16g),1,2,10.38,0.00,07.03.2025
848,Sos sojowy Kikoman (150 ml),1,1,11.99,0.00,07.03.2025
849,Mango dojrzałe,1,1,8.99,0.00,07.03.2025
850,Serek wiejski (200 g),1,1,2.29,0.00,07.03.2025
851,Obiad IKEA,7,1,51.00,0.00,08.03.2025
852,Doniczka,4,2,11.98,0.00,08.03.2025
853,Woreczki strunowe,4,1,9.99,0.00,08.03.2025
854,Kwiat róża,11,1,7.99,0.00,09.03.2025
855,Naczynie żaroodporne kwadratowe,4,1,69.90,0.00,12.03.2025
856,Golarka do ubrań,4,1,29.99,0.00,12.03.2025
857,Filet z piersi kurczaka,1,0.601,14.90,0.00,12.03.2025
858,Deser Monte,1,2,5.38,2.60,12.03.2025
859,Bułka śniadaniowa,1,2,2.28,0.00,12.03.2025
860,Mix sałat,1,1,4.99,0.00,12.03.2025
861,Parówki Tarczyński z kurczaka,1,1,5.99,1.80,12.03.2025
862,Parówki Tarczyński z szynki,1,1,5.99,1.80,12.03.2025
863,Tortelloni z pesto 250 g,1,1,8.99,0.00,12.03.2025
864,Tortelloni z prosciutto 250 g,1,1,8.99,0.00,12.03.2025
865,Pomidory cherry na gałązce 500 g,1,2,14.99,14.99,12.03.2025
866,Papryka czerwona,1,0.29,4.93,0.00,12.03.2025
867,Cebula żółta,1,0.36,1.26,0.00,12.03.2025
868,Mango dojrzałe,1,2,11.98,6.00,12.03.2025
869,Parmiggiano 100g,1,1,9.99,0.00,12.03.2025
870,Ogórek szklarniowy,1,0.38,4.56,0.00,12.03.2025
871,Winogrono różowe bezpestkowe,1,0.88,10.55,5.28,12.03.2025
872,Passata mutti (700g),1,1,9.59,0.00,14.03.2025
873,Herbata Remsey granat (70g),1,1,6.99,0.00,14.03.2025
874,Ser Mozarella wiórki (300g),1,1,8.99,1.00,14.03.2025
875,Chorizo Toro Rojo (70g),1,1,5.99,2.50,14.03.2025
876,Ser Twarogowy Półtłusty (250g),1,1,3.95,0.00,14.03.2025
877,Tofu sweet chilli (180g),1,2,7.98,0.00,14.03.2025
878,Tofu naturalne (180g),1,2,7.98,0.00,14.03.2025
879,Sok Multiwitamina,1,2,7.38,1.60,15.03.2025
880,Pepsi (1.75 L),1,2,11.98,5.40,15.03.2025
881,Mleko 3.2% (1 L),1,6,11.94,10.80,15.03.2025
882,Zapach do łazienki,4,1,3.99,0.00,15.03.2025
883,Masło ekstra (200 g),1,3,14.07,9.90,15.03.2025
884,Serek kanapkowy Twoj Smak (135 g),1,2,6.98,1.00,15.03.2025
885,Chleb rodzinny (410 g),1,1,4.29,0.00,15.03.2025
886,Krakersy top mix (300 g),1,1,4.19,0.00,15.03.2025
887,Milka Caramel (100 g),1,1,7.99,0.00,15.03.2025
888,Hummus klasyczny (160 g),1,1,4.19,0.00,15.03.2025
889,Cukier biały (1 kg),1,1,2.99,0.00,15.03.2025
890,Cukierki konafetto luz,1,0.145,4.05,0.00,15.03.2025
891,Marchewki luz,1,0.385,1.42,0.00,15.03.2025
892,Chipsy paprykowe Lays (130 g),1,1,5.13,2.56,15.03.2025
893,Chipsy Lays (130 g),1,1,5.13,2.56,15.03.2025
894,Chipsy zielona cebulka Lays (130 g),1,1,5.12,2.57,15.03.2025
895,Czekolada Milka bubbly (95 g),1,1,1.00,3.99,15.03.2025
896,Galaretki w czekoladzie Wawel luz,1,0.305,9.12,3.05,15.03.2025
897,Sidolux płyn,4,1,8.99,0.00,15.03.2025
899,Pączek pistacjowy,1,1,6.49,0.00,17.03.2025
900,Świeczka,11,2,13.98,0.00,17.03.2025
901,Zapalniczka,4,1,1.29,0.00,17.03.2025
902,Makaron lasagna Gusto Bello (500 g),1,1,6.45,0.00,17.03.2025
903,Lewiatan,1,1,8.99,0.00,17.03.2025
904,Jakdojade,10,2,8.00,0.00,17.03.2025
905,Pizza,1,2,91.59,0.00,17.03.2025
906,Bułka z dynią,1,1,1.79,0.00,27.03.2025
907,Bułeczka cynamonka,1,3,7.20,0.00,27.03.2025
908,Bułka plecionka,1,2,3.60,0.00,27.03.2025
909,Bułka cięta,1,1,1.80,0.00,27.03.2025
910,Bilet Bochnia - Tarnów ulgowy,10,1,7.35,7.65,27.03.2025
911,Disney+,7,1,7.99,0.00,30.03.2025
912,Ciastko Łysa Góra,7,1,8.40,0.00,04.04.2025
913,Ciastko Łysa Góra,7,1,8.80,0.00,04.04.2025
914,Kawa,7,1,13.90,0.00,04.04.2025
915,Rogaliki z powidłami,1,0.232,11.58,0.00,04.04.2025
916,Drożdżówka kakao,1,1,4.20,0.00,04.04.2025
917,Bułka cięta,1,1,1.55,0.00,04.04.2025
918,Bułka z żurawiną z pieca,1,1,2.30,0.00,04.04.2025
919,Jakdojade (20 min normalny),10,2,8.00,0.00,04.04.2025
920,Jakdojade (60 min normalny),10,1,6.00,0.00,04.04.2025
921,Jakdojade (20 min normalny),10,1,4.00,0.00,05.04.2025
922,Kotlet de volaille zestaw,7,1,33.00,0.00,05.04.2025
923,Pierś z kurczaka z frytkami,7,1,35.00,0.00,05.04.2025
924,Woda gazowana (0.33l),7,1,7.00,0.00,05.04.2025
925,Herbata z cytryną,7,1,9.00,0.00,05.04.2025
926,Jakdojade (20 min normalny),10,1,4.00,0.00,06.04.2025
927,Ciasta bonitki (400g),1,1,6.99,0.00,07.04.2025
928,Cukinia luz,1,0.55,5.49,0.00,07.04.2025
929,Bułka codzienna (100g),1,2,2.38,0.00,07.04.2025
930,Marchewka luz,1,0.55,2.19,0.00,07.04.2025
931,Majonez winary (500 ml),1,1,6.99,3.99,07.04.2025
932,Jakdojade (20 min normalny),10,2,8.00,0.00,11.04.2025
933,Obiad IKEA,7,2,63.00,,12.04.2025
934,Jakdojade (20 min normalny),10,2,8.00,0.00,12.04.2025
935,Jabłko jonagold luz,1,0.73,3.28,0.00,12.04.2025
936,Jabłko golden luz,1,0.44,1.98,0.00,12.04.2025
937,Ciastka Milka sensation (156 g),1,2,13.48,4.50,14.04.2025
938,Batoniki knoppers (120 g paczka 3 szt),1,1,6.49,0.00,14.04.2025
939,Praliny luximo (65 g),1,1,4.99,0.00,14.04.2025
940,Czekolada dubajska (70g),1,1,9.99,0.00,14.04.2025
941,Filet z piersi kurczaka,1,0.682,16.91,0.00,14.04.2025
942,Pomidorki Miss perf (200g),1,2,9.99,9.99,14.04.2025
943,Muffin Wedel (115 g),1,2,7.98,0.00,14.04.2025
944,Chrupki cheetos (110g),1,1,5.99,0.00,15.04.2025
945,Bułka pasterska (90 g),1,2,2.38,0.00,15.04.2025
946,Ręcznik papierowy queen,1,2,13.48,4.50,15.04.2025
947,Bułka Wyśmienita (70 g),1,1,1.25,0.00,16.04.2025
948,Szynka z indyka,1,0.114,5.13,0.00,26.04.2025
949,Arbuz bezpestkowy,1,0.852,8.51,0.00,26.04.2025
950,Bakoma men shake czekolada (380 g),1,1,5.49,2.30,26.04.2025
951,Ryż biały (1 kg),1,1,3.99,0.00,26.04.2025
952,Makaroni chiff past (500 g),1,1,4.19,0.00,26.04.2025
953,Ser gouda Światowid (150 g),1,1,4.99,0.00,26.04.2025
954,Uda z kurczaka,1,1.59,12.70,7.32,26.04.2025
955,Ciecierzyca sucha (500 g),1,1,5.86,0.00,26.04.2025
956,Przecier pomidorowy Culineo (250g),1,1,4.59,0.00,26.04.2025
957,Jajka Ściółkowe M (10 szt),1,1,10.99,0.00,26.04.2025
958,Marchewki luz,1,0.415,1.66,0.00,26.04.2025
959,Cytryna,1,0.226,2.71,0.00,30.04.2025
960,Pieczarki,1,0.42,6.72,0.00,30.04.2025
961,Limonka (przecena),1,1,1.01,0.00,30.04.2025
962,Weka,1,0.4,5.99,0.00,30.04.2025
963,Serwis rowerowy - wymiana opony i dętki,12,1,150.00,0.00,02.05.2025
964,Serek Delikate (200 g),1,1,4.39,0.00,02.05.2025
965,Czekolada mleczna Melite 100g,1,1,5.49,0.00,02.05.2025
966,Mleczko gostyńskie do kawy (500g),1,1,5.75,0.00,02.05.2025
967,Mąka do pizzy Gusto Bello,1,1,6.29,0.00,02.05.2025
968,Jakdojade (2x 20 min normalny),10,2,8.00,0.00,02.05.2025
969,Mąka tortowa,1,1,2.29,0.00,02.05.2025
970,Bilard THF club,7,1,3.00,0.00,03.05.2025
971,Cebula żółta luz,1,0.31,1.08,0.00,05.05.2025
972,Herbatniki Bonitki (400g),1,1,4.55,0.00,05.05.2025
973,Ciabatta,1,1,1.14,0.00,05.05.2025
974,Lemoniada,7,1,14.00,0.00,05.05.2025
975,Pomidory na gałązce,1,1.002,6.00,9.02,06.05.2025
976,Kret do rur,4,2,25.98,8.00,06.05.2025
977,Bułka pasterska (90 g),1,2,2.38,0.00,06.05.2025
978,Chleb orkiszowy z ziarnami (410 g),1,1,5.29,0.00,06.05.2025
979,Pepsi 0.33l w puszce,1,3,8.07,3.30,06.05.2025
980,Ogórek szklarniowy,1,0.244,2.51,0.00,06.05.2025
981,Masło Mleczna Dolina (200 g),1,3,14.98,8.99,06.05.2025
982,Baton Knoppers kokosowy 3-pack,1,1,6.79,0.00,06.05.2025
983,Śmietana Piątnica (200 g),1,1,2.69,0.00,06.05.2025
984,Tofu Sweet Chilli (180 g),1,1,3.99,0.00,06.05.2025
985,Kostka do WC Fala eko,4,2,9.98,4.00,06.05.2025
986,Ser kozi Światowid (160 g),1,1,10.65,0.00,06.05.2025
987,Ser żółty (135 g),1,1,6.49,0.00,06.05.2025
988,Pasta sensodyne white extra,3,2,18.49,18.49,06.05.2025
989,Nutella (350 g),1,1,10.99,5.50,06.05.2025
990,Papryka słodka czerwona,1,0.916,7.32,8.24,06.05.2025
991,Szynka Wołek szynka szefa,1,0.188,7.33,0.00,06.05.2025
992,Zupa na uczelni,1,1,8.00,0.00,07.05.2025
993,Płatki muszelki (500g),1,1,7.49,0.00,07.05.2025
994,Płatki hopki (500 g),1,1,4.37,2.92,07.05.2025
995,Kawa latte,7,1,14.40,1.60,08.05.2025
996,Bilety SIX,7,1,140.00,0.00,09.05.2025
997,Passata Gusto Bello (500 g),1,1,4.99,0.00,09.05.2025
998,Szynka prosciutto (100 g),1,2,15.98,5.00,09.05.2025
999,Łosoś marinero mix (125 g),1,2,19.48,6.50,09.05.2025
1000,Mozzarella Warkocz (250 g),1,1,7.99,4.00,09.05.2025
1001,Ser Mozarella wiórki (300 g),1,1,9.99,0.00,09.05.2025
1002,Winogrino jasne bezpestkowe,1,0.625,6.24,6.13,09.05.2025
1003,Śmietanka 30% (330 ml),1,1,5.49,0.00,09.05.2025
1004,Olej smakowy Papryka/Pomidor (250 ml),1,1,7.99,0.00,09.05.2025
1005,Suszone pomidory w zalewie (156 g),1,1,6.99,1.50,09.05.2025
1006,Zakupy,1,1,11.86,0.00,09.05.2025
1007,Kino (Thunderbolts),7,2,0.00,69.80,10.05.2025
1008,Klapki,2,1,25.00,0.00,10.05.2025
1009,Kebab (x2) + frytki + cola,1,1,48.50,0.00,10.05.2025
1010,Hans Zimmer - bilety,7,2,338.00,500.00,10.05.2025
1011,Bułka Paryska (240 g),1,1,2.89,0.00,12.05.2025
1012,Rogalik Croissant (60 g),1,3,5.37,0.00,12.05.2025
1013,Chleb z ziarnami (335 g),1,1,4.69,0.00,12.05.2025
1014,Schab szynka (100 g),1,1,10.78,2.00,12.05.2025
1015,Jajka bio (9 szt),1,2,17.98,7.80,12.05.2025
1016,Truskawki (250 g),1,2,11.98,8.00,12.05.2025
1017,Cebula Czerwona (1 worek),1,1,4.69,0.00,12.05.2025
1018,Mięso z uda (500 g),1,2,21.98,0.00,12.05.2025
1019,Parówki z szynki Tarczyński (200 g),1,1,4.40,3.39,12.05.2025
1020,Parówki z kurczaka Tarczyński (160 g),1,1,4.40,3.40,12.05.2025
1021,Krem Pistacjowy Gusto Bello (200 g),1,2,27.98,16.00,12.05.2025
1022,Cebula żółta luz,1,0.105,0.47,0.00,12.05.2025
1023,Borówka amerykańska (300 g),1,1,9.49,10.49,12.05.2025
1024,Jakdojade (2 x 20 min normalny),10,2,8.00,0.00,12.05.2025
1025,Kebab w Ali Baba,7,2,42.00,0.00,18.05.2025
1026,Jakdojade (4 x 20 min normalny),10,4,16.00,0.00,19.05.2025
1027,Ibum Express 400 mg,3,1,25.69,0.00,22.05.2025
1028,Femimed gel,3,1,19.99,0.00,22.05.2025
1029,DOZ Zielnik dobry sen herbatka,4,1,7.99,0.00,22.05.2025
1030,Lays (130 g),1,1,8.99,0.00,23.05.2025
1031,Bilard THF club,7,1,13.50,0.00,24.05.2025
1032,Jakdojade (2 x 20 min normalny),10,2,8.00,0.00,26.05.2025
1033,Ketchup łagodny Pudliszki (480 g),1,1,5.99,1.50,27.05.2025
1034,Nori Asia (16 g),1,2,7.98,2.40,27.05.2025
1035,Czekolada Wedel mleczna (100 g),1,1,5.99,0.00,27.05.2025
1036,Serek kanapkowy Delikate (200 g),1,1,4.39,0.00,27.05.2025
1037,Ser twarogowy półtłusty (250 g),1,1,3.79,0.00,27.05.2025
1038,Pepsi w puszce (330 ml),1,4,11.16,4.00,27.05.2025
1039,Coccolino płyn do płukania (1.275 L),1,2,22.99,22.99,27.05.2025
1040,Winogrino jasne bezpestkowe,1,0.495,4.95,3.96,27.05.2025
1041,Pomidory cherry na gałązce (500 g),1,1,6.99,8.00,27.05.2025
1042,Czekolada Wedel (340 g),1,2,29.98,14.00,27.05.2025
1043,Roszponka (100 g),1,1,5.99,0.00,27.05.2025
1044,Ryż biały (1 kg),1,2,7.98,0.00,27.05.2025
1045,Tabletki do zmywarki Kraft Classic (60 szt),4,2,24.73,8.25,27.05.2025
1046,Łosoś - porcja rodzinna,1,0.666,33.23,13.32,27.05.2025
1047,Śniadanie dla mnie i Mai,7,1,89.80,0.00,28.05.2025
1048,Tabliczka mleczna (85 g),1,4,9.96,0.00,29.05.2025
1049,Wyjście Pedro,7,1,74.00,0.00,29.05.2025
1050,Jakdojade (2 x 20 min normalny),10,2,8.00,0.00,29.05.2025
1051,Kawa tchibo + herbata (prezent dla mamy Igi),8,1,75.00,15.00,29.05.2025
1052,Tabliczka mleczna (85 g),1,3,7.47,0.00,30.05.2025
1053,Disney+,7,1,7.99,0.00,30.05.2025
1054,Opłaty lipiec 2024,13,1,1195.86,0,01.07.2024
1055,Opłaty sierpień 2024,13,1,1195.86,0,01.08.2024
1056,Opłaty wrzesień 2024,13,1,1776.98,0,01.09.2024
1057,Opłaty październik 2024,13,1,1205.86,0,01.10.2024
1058,Opłaty listopad 2024,13,1,1117.83,0,01.11.2024
1059,Opłaty grudzień 2024,13,1,1262.43,0,01.12.2024
1060,Opłaty styczeń 2025,13,1,1176.72,0,01.01.2025
1061,Opłaty luty 2025,13,1,1162.59,0,01.02.2025
1062,Opłaty marzec 2025,13,1,1648.10,0,01.03.2025
1063,Opłaty kwiecień 2025,13,1,1172.16,0,01.04.2025
1064,Opłaty maj 2025,13,1,1190.08,0,01.05.2025
1065,Opłaty czerwiec 2025,13,1,1409.57,0,01.06.2025
